Round,Client 1,Client 2
0,-0.07767785857757571,0.242019259648649
1,-0.07767785857757567,0.24201925964864904
2,-0.07767785857757573,0.24201925964864904
3,-0.07767785857757573,0.24201925964864904
4,-0.0776778585775757,0.242019259648649
5,-0.0776778585775757,0.242019259648649
6,-0.0776778585775757,0.242019259648649
7,-0.07767785857757573,0.242019259648649
8,-0.0776778585775757,0.242019259648649
9,-0.07767785857757567,0.242019259648649
