Round,Client 1,Client 2
0,-0.1726590506642618,-0.08745442752706477
1,-0.17265905066426174,-0.08745442752706474
2,-0.17265905066426185,-0.08745442752706474
3,-0.17265905066426185,-0.08745442752706474
4,-0.17265905066426182,-0.08745442752706474
5,-0.1726590506642618,-0.08745442752706473
6,-0.17265905066426185,-0.08745442752706474
7,-0.1726590506642618,-0.08745442752706474
8,-0.17265905066426182,-0.08745442752706473
9,-0.1726590506642618,-0.08745442752706473
