Round,Client 1,Client 2
0,0.1354945119905611,0.16102426020937943
1,0.13549451199056134,0.16102426020937943
2,0.13549451199056126,0.16102426020937943
3,0.1354945119905613,0.16102426020937943
4,0.13549451199056126,0.16102426020937943
5,0.13549451199056128,0.1610242602093795
6,0.13549451199056126,0.16102426020937943
7,0.1354945119905613,0.16102426020937943
8,0.13549451199056126,0.1610242602093795
9,0.1354945119905613,0.1610242602093795
