Round,Client 1,Client 2
0,-0.04682054965097729,-0.05038797346567256
1,-0.04682054965097733,-0.05038797346567251
2,-0.04682054965097734,-0.05038797346567251
3,-0.046820549650977365,-0.05038797346567251
4,-0.04682054965097734,-0.05038797346567251
5,-0.04682054965097733,-0.050387973465672524
6,-0.04682054965097733,-0.05038797346567251
7,-0.046820549650977365,-0.05038797346567251
8,-0.04682054965097734,-0.050387973465672524
9,-0.04682054965097734,-0.050387973465672524
