Round,Client 1,Client 2
0,0.030760969654343568,-0.0727889788142593
1,0.030760969654343592,-0.07278897881425922
2,0.030760969654343592,-0.07278897881425922
3,0.03076096965434362,-0.07278897881425922
4,0.030760969654343568,-0.07278897881425925
5,0.03076096965434354,-0.07278897881425926
6,0.030760969654343568,-0.07278897881425925
7,0.03076096965434362,-0.07278897881425925
8,0.030760969654343568,-0.07278897881425926
9,0.030760969654343592,-0.07278897881425926
