Round,Client 1,Client 2
0,-0.1113644480998582,-0.0069319439468253485
1,-0.1113644480998582,-0.006931943946825316
2,-0.1113644480998582,-0.006931943946825316
3,-0.1113644480998582,-0.006931943946825316
4,-0.1113644480998582,-0.006931943946825305
5,-0.11136444809985818,-0.0069319439468253415
6,-0.11136444809985818,-0.006931943946825305
7,-0.1113644480998582,-0.006931943946825305
8,-0.1113644480998582,-0.0069319439468253415
9,-0.1113644480998582,-0.0069319439468253415
