Round,Client 1,Client 2
0,-2.34922401124569,18.910944472861797
1,-2.3492240112484084,18.91094447286171
2,-2.34922401124594,18.910944472861697
3,-2.3492240112499845,18.91094447286179
4,-2.3492240112512843,18.91094447286174
5,-2.3492240112481753,18.91094447286183
6,-2.349224011245239,18.91094447286179
7,-2.3492240112500338,18.910944472861726
8,-2.349224011247732,18.91094447286179
9,-2.3492240112452647,18.910944472861708
