Round,Client 1,Client 2
0,-8.954994495139376,1.5484244736774393
1,-8.954994495141692,1.5484244736774369
2,-8.954994495139585,1.54842447367744
3,-8.954994495143044,1.5484244736774364
4,-8.954994495144154,1.5484244736774377
5,-8.954994495141495,1.5484244736774408
6,-8.954994495138992,1.5484244736774273
7,-8.954994495143088,1.5484244736774333
8,-8.954994495141115,1.548424473677428
9,-8.954994495139012,1.5484244736774435
