Round,Client 1,Client 2
0,8.055661879990593,0.27965188645230604
1,8.055661879992796,0.2796518864522987
2,8.055661879990796,0.27965188645229283
3,8.055661879994082,0.2796518864523183
4,8.055661879995135,0.279651886452303
5,8.055661879992607,0.2796518864523098
6,8.055661879990224,0.2796518864523527
7,8.055661879994124,0.27965188645231465
8,8.055661879992249,0.279651886452353
9,8.055661879990248,0.27965188645227684
