Round,Client 1,Client 2
0,-2.329205673621063,8.746175184055295
1,-2.329205673617939,8.746175184055264
2,-2.3292056736207822,8.746175184055256
3,-2.329205673616114,8.746175184055296
4,-2.3292056736146147,8.746175184055272
5,-2.329205673618203,8.746175184055303
6,-2.329205673621586,8.746175184055318
7,-2.3292056736160553,8.746175184055277
8,-2.3292056736187154,8.746175184055318
9,-2.3292056736215567,8.746175184055248
