Round,Client 1,Client 2
0,-5.458828431516244,-1.8513211901621092
1,-5.458828431519077,-1.8513211901621136
2,-5.458828431516499,-1.8513211901621114
3,-5.458828431520727,-1.8513211901621158
4,-5.458828431522085,-1.8513211901621123
5,-5.4588284315188345,-1.8513211901621105
6,-5.4588284315157685,-1.8513211901621203
7,-5.45882843152078,-1.8513211901621145
8,-5.458828431518369,-1.8513211901621207
9,-5.458828431515796,-1.8513211901621078
