Round,Client 1,Client 2
0,-10.952681267759253,-7.350291713912659
1,-10.95268126776366,-7.35029171391266
2,-10.952681267759655,-7.350291713912662
3,-10.95268126776623,-7.350291713912656
4,-10.952681267768346,-7.350291713912658
5,-10.952681267763287,-7.350291713912659
6,-10.952681267758516,-7.350291713912649
7,-10.952681267766312,-7.350291713912658
8,-10.952681267762562,-7.350291713912648
9,-10.952681267758559,-7.350291713912667
